Base,Base wt %,Support,Support wt %,Yield_H2CO2_2.0,Yield_H2CO2_3.0,Yield_H2CO2_4.0,Max_Yield_AllR,Min_Yield_AllR
Cu,21.69358585858586,CeO2-ZrO2,65.0,10.387462661999995,10.387462661999995,10.387462661999995,10.387462661999995,10.387462661999995
Zr,20.0,CeO2-ZrO2,65.0,10.253578221239472,10.253578221239472,10.253578221239472,10.253578221239472,10.253578221239472
Zn,21.70344827586207,CeO2-ZrO2,65.0,10.253578221239472,10.253578221239472,10.253578221239472,10.253578221239472,10.253578221239472
NiGa,20.0,CeO2-ZrO2,65.0,10.244995085239474,10.244995085239474,10.244995085239474,10.244995085239474,10.244995085239474
Zn,21.70344827586207,ZnO - Al2O3,66.0,10.129839746725708,10.129839746725708,10.107781950525707,10.129839746725708,10.107781950525707
Zr,20.0,ZnO - Al2O3,66.0,10.129839746725708,10.129839746725708,10.107781950525707,10.129839746725708,10.107781950525707
Cu,21.69358585858586,ZnO - Al2O3,66.0,10.12134055688623,10.12134055688623,10.09928276068623,10.12134055688623,10.09928276068623
NiGa,20.0,ZnO - Al2O3,66.0,10.040898176725706,10.040898176725706,10.018840380525706,10.040898176725706,10.018840380525706
Cu,21.69358585858586,Al2O3,56.67370689655172,9.694260681999994,9.694260681999994,9.694260681999994,9.694260681999994,9.694260681999994
Zr,20.0,Al2O3,56.67370689655172,9.584591331239473,9.584591331239473,9.584591331239473,9.584591331239473,9.584591331239473
Zn,21.70344827586207,Al2O3,56.67370689655172,9.584591331239473,9.584591331239473,9.584591331239473,9.584591331239473,9.584591331239473
NiGa,20.0,Al2O3,56.67370689655172,9.563378435239471,9.563378435239471,9.563378435239471,9.563378435239471,9.563378435239471
Zr,20.0,ZnO,57.98146341463415,9.484023516725706,9.484023516725706,9.461965720525708,9.484023516725706,9.461965720525708
Zn,21.70344827586207,ZnO,57.98146341463415,9.484023516725706,9.484023516725706,9.461965720525708,9.484023516725706,9.461965720525708
Cu,21.69358585858586,ZnO,57.98146341463415,9.48037476688623,9.48037476688623,9.45831697068623,9.48037476688623,9.45831697068623
Co,7.5,CeO2-ZrO2,65.0,9.397749860308886,9.397749860308886,9.426374733828888,9.426374733828888,9.397749860308886
NiGa,20.0,ZnO,57.98146341463415,9.399932386725707,9.399932386725707,9.377874590525709,9.399932386725707,9.377874590525709
Ag,8.333333333333334,CeO2-ZrO2,65.0,9.320638260308888,9.320638260308888,9.349263133828888,9.349263133828888,9.320638260308888
Ni,9.7,CeO2-ZrO2,65.0,9.201481159914591,9.201481159914591,9.228631089434591,9.228631089434591,9.201481159914591
Co,7.5,ZnO - Al2O3,66.0,9.10051134636179,9.100511346361788,9.097346713815122,9.10051134636179,9.097346713815122
Ag,8.333333333333334,ZnO - Al2O3,66.0,9.030278842695122,9.030278842695122,9.029955590015124,9.030278842695122,9.029955590015124
Ni,9.7,ZnO - Al2O3,66.0,9.00000858823416,9.00000858823416,9.000289760220827,9.000289760220827,9.00000858823416
Cu,21.69358585858586,CuO,75.0,8.945176047039984,8.945176047039984,8.941951108959984,8.945176047039984,8.941951108959984
Zr,20.0,CuO,75.0,8.892679016504962,8.892679016504962,8.874415926504962,8.892679016504962,8.874415926504962
Zn,21.70344827586207,CuO,75.0,8.892679016504962,8.892679016504962,8.874415926504962,8.892679016504962,8.874415926504962
Zn,21.70344827586207,ZrO2,75.81729729729729,8.890505564190958,8.890505564190958,8.868447767990958,8.890505564190958,8.868447767990958
Zr,20.0,ZrO2,75.81729729729729,8.890505564190958,8.890505564190958,8.868447767990958,8.890505564190958,8.868447767990958
Co,7.5,Al2O3,56.67370689655172,8.84482670030889,8.84482670030889,8.87345157382889,8.87345157382889,8.84482670030889
NiGa,20.0,CuO,75.0,8.86766011050496,8.86766011050496,8.849397020504961,8.86766011050496,8.849397020504961
Ir,5.333333333333333,CeO2-ZrO2,65.0,8.848837024698593,8.848837024698593,8.847056518698594,8.848837024698593,8.847056518698594
Cu,21.69358585858586,ZrO2,75.81729729729729,8.84854187812598,8.84854187812598,8.826484081925981,8.84854187812598,8.826484081925981
NiGa,20.0,ZrO2,75.81729729729729,8.801563994190959,8.801563994190957,8.779506197990957,8.801563994190959,8.779506197990957
Ag,8.333333333333334,Al2O3,56.67370689655172,8.744544440308891,8.744544440308891,8.773169313828891,8.773169313828891,8.744544440308891
Ir,5.333333333333333,ZnO - Al2O3,66.0,8.691546055687493,8.691546055687493,8.668239410420828,8.691546055687493,8.668239410420828
Ni,9.7,Al2O3,56.67370689655172,8.636972669914593,8.636972669914593,8.664122599434593,8.664122599434593,8.636972669914593
Co,7.5,ZnO,57.98146341463415,8.59982437636179,8.59982437636179,8.596659743815124,8.59982437636179,8.596659743815124
Ag,8.333333333333334,ZnO,57.98146341463415,8.506421212695123,8.506421212695125,8.506097960015124,8.506421212695125,8.506097960015124
Ni,9.7,ZnO,57.98146341463415,8.476150958234163,8.476150958234163,8.476432130220829,8.476432130220829,8.476150958234163
Ir,5.333333333333333,Al2O3,56.67370689655172,8.328104824698594,8.328104824698594,8.326324318698594,8.328104824698594,8.326324318698594
Ir,5.333333333333333,ZnO,57.98146341463415,8.211464715687494,8.211464715687494,8.188158070420828,8.211464715687494,8.188158070420828
Co,7.5,CuO,75.0,8.116195152317562,8.116195152317562,8.128184897069564,8.128184897069564,8.116195152317562
Ag,8.333333333333334,CuO,75.0,8.001332812317564,8.001332812317564,8.026732747757565,8.026732747757565,8.001332812317564
Co,7.5,ZrO2,75.81729729729729,7.988444574570225,7.988444574570225,7.985279942023559,7.988444574570225,7.985279942023559
Ni,9.7,CuO,75.0,7.951237653165839,7.951237653165838,7.960124492685838,7.960124492685838,7.951237653165838
Ni,9.7,ZrO2,75.81729729729729,7.887765873685168,7.887765873685168,7.8880470456718355,7.8880470456718355,7.887765873685168
Ag,8.333333333333334,ZrO2,75.81729729729729,7.880461330903558,7.880461330903558,7.88013807822356,7.880461330903558,7.88013807822356
Ir,5.333333333333333,CuO,75.0,7.737366966107269,7.737366966107269,7.71895133133927,7.737366966107269,7.71895133133927
Ir,5.333333333333333,ZrO2,75.81729729729729,7.718076789295931,7.718076789295932,7.694770144029266,7.718076789295932,7.694770144029266
Zr,20.0,SBA-15,82.76486486486488,7.228131017997854,7.228131017997852,7.409920043875555,7.409920043875555,7.228131017997852
Zn,21.70344827586207,SBA-15,82.76486486486488,7.228131017997852,7.228131017997852,7.409920043875554,7.409920043875554,7.228131017997852
Zr,20.0,rGO,83.75,7.261241969997854,7.261241969997854,7.365564497852164,7.365564497852164,7.261241969997854
Zn,21.70344827586207,rGO,83.75,7.261241969997854,7.261241969997854,7.365564497852164,7.365564497852164,7.261241969997854
Mg,0.7000000000000001,CeO2-ZrO2,65.0,7.203711628642798,7.203711628642798,7.343229688642797,7.343229688642797,7.203711628642798
NiGa,20.0,SBA-15,82.76486486486488,7.12821701413709,7.12821701413709,7.310006040014793,7.310006040014793,7.12821701413709
Zr,20.0,MnO,80.0,7.12707938988957,7.12707938988957,7.30886841576727,7.30886841576727,7.12707938988957
Zn,21.70344827586207,MnO,80.0,7.12707938988957,7.12707938988957,7.30886841576727,7.30886841576727,7.12707938988957
NiGa,20.0,rGO,83.75,7.16132796613709,7.16132796613709,7.265650493991401,7.265650493991401,7.16132796613709
Cu,21.69358585858586,SBA-15,82.76486486486488,7.08286560647594,7.082865606475941,7.234232357218556,7.234232357218556,7.08286560647594
Zn,21.70344827586207,ZrO2-CeO2,80.0,7.12116746136957,7.12116746136957,7.225489989223883,7.225489989223883,7.12116746136957
Zr,20.0,ZrO2-CeO2,80.0,7.12116746136957,7.12116746136957,7.22548998922388,7.22548998922388,7.12116746136957
NiGa,20.0,MnO,80.0,7.01364086988957,7.01364086988957,7.19542989576727,7.19542989576727,7.01364086988957
Cu,21.69358585858586,rGO,83.75,7.115976558475941,7.115976558475941,7.189876811195166,7.189876811195166,7.115976558475941
Zn,21.70344827586207,CeO2,79.73058823529414,7.000354836179636,7.000354836179636,7.116117267668243,7.116117267668243,7.000354836179636
Zr,20.0,CeO2,79.73058823529414,7.000354836179636,7.000354836179636,7.116117267668243,7.116117267668243,7.000354836179636
NiGa,20.0,ZrO2-CeO2,80.0,7.00772894136957,7.00772894136957,7.11205146922388,7.11205146922388,7.00772894136957
Cu,21.69358585858586,MnO,80.0,6.93165552970842,6.93165552970842,7.083022280451035,7.083022280451035,6.93165552970842
Mg,0.7000000000000001,Al2O3,56.67370689655172,6.907655278642799,6.9076552786428,7.047173338642802,7.047173338642802,6.907655278642799
Cu,21.69358585858586,ZrO2-CeO2,80.0,6.962377533708421,6.962377533708421,7.036277786427646,7.036277786427646,6.962377533708421
NiGa,20.0,CeO2,79.73058823529414,6.911868055699635,6.911868055699635,7.027630487188243,7.027630487188243,6.911868055699635
Zn,21.70344827586207,Ga2O3,80.0,6.906817244659636,6.906817244659636,7.022579676148244,7.022579676148244,6.906817244659636
Zr,20.0,Ga2O3,80.0,6.906817244659635,6.906817244659636,7.022579676148244,7.022579676148244,6.906817244659635
Cu,21.69358585858586,CeO2,79.73058823529414,6.850975192118487,6.850975192118487,6.951353500392008,6.951353500392008,6.850975192118487
NiGa,20.0,Ga2O3,80.0,6.818330464179636,6.818330464179636,6.934092895668244,6.934092895668244,6.818330464179636
Pd,3.524342105263158,CeO2-ZrO2,65.0,6.742701887024796,6.742701887024796,6.910822047024795,6.910822047024795,6.742701887024796
Cu,21.69358585858586,Ga2O3,80.0,6.757437600598486,6.757437600598486,6.857815908872007,6.857815908872007,6.757437600598486
Mn,1.6,CeO2-ZrO2,65.0,6.575544244392795,6.575544244392795,6.702071324392798,6.702071324392798,6.575544244392795
Ni,9.7,SBA-15,82.76486486486488,6.526498207021063,6.526498207021063,6.700128172371645,6.700128172371645,6.526498207021063
Co,7.5,SBA-15,82.76486486486488,6.520823466199192,6.520823466199192,6.672756530283108,6.672756530283108,6.520823466199192
Mg,0.7000000000000001,CuO,75.0,6.525282509786239,6.525282509786239,6.66480056978624,6.66480056978624,6.525282509786239
Ni,9.7,MnO,80.0,6.477760027343195,6.477760027343196,6.662206835793779,6.662206835793779,6.477760027343195
Zr,20.0,AlCeO,38.8,6.632320603052027,6.632320603052027,6.632320603052027,6.632320603052027,6.632320603052027
Zn,21.70344827586207,AlCeO,38.8,6.632320603052027,6.632320603052027,6.632320603052027,6.632320603052027,6.632320603052027
Re,3.333333333333333,CeO2-ZrO2,65.0,6.459964617992795,6.459964617992795,6.627779977992796,6.627779977992796,6.459964617992795
La,3.0,CeO2-ZrO2,65.0,6.487265525492795,6.487265525492795,6.617606727492797,6.617606727492797,6.487265525492795
Rh,1.0,CeO2-ZrO2,65.0,6.470292027626129,6.470292027626129,6.60625929542613,6.60625929542613,6.470292027626129
Co,7.5,MnO,80.0,6.435451354001325,6.435451354001325,6.598201261185239,6.598201261185239,6.435451354001325
Au,1.2272727272727273,CeO2-ZrO2,65.0,6.459394433887091,6.459394433887093,6.594441559887092,6.594441559887092,6.459394433887091
Ni,9.7,rGO,83.75,6.495839598281688,6.495839598281688,6.592003065608882,6.592003065608882,6.495839598281688
Co,7.5,rGO,83.75,6.518883109560428,6.518883109560427,6.590508295754288,6.590508295754288,6.518883109560427
Ru,1.0,CeO2-ZrO2,65.0,6.471514800459462,6.471514800459462,6.582708643279463,6.582708643279463,6.471514800459462
Pd,3.524342105263158,Al2O3,56.67370689655172,6.411889547024798,6.411889547024798,6.580009707024797,6.580009707024797,6.411889547024798
Ag,8.333333333333334,SBA-15,82.76486486486488,6.412431345334904,6.412431345334904,6.564364409418821,6.564364409418821,6.412431345334904
Y,2.227272727272727,CeO2-ZrO2,65.0,6.430857939359462,6.430857939359462,6.539180104179462,6.539180104179462,6.430857939359462
Ni,9.7,ZrO2-CeO2,80.0,6.428429656803194,6.428429656803194,6.524593124130388,6.524593124130388,6.428429656803194
Cu,21.69358585858586,AlCeO,38.8,6.524005320201587,6.524005320201587,6.524005320201587,6.524005320201587,6.524005320201587
Co,7.5,ZrO2-CeO2,80.0,6.441687173647991,6.441687173647991,6.513312359841851,6.513312359841851,6.441687173647991
Co,7.5,CeO2,79.73058823529414,6.421663041392468,6.421663041392468,6.512301660404996,6.512301660404996,6.421663041392468
NiGa,20.0,AlCeO,38.8,6.507523349585361,6.507523349585361,6.507523349585359,6.507523349585361,6.507523349585359
Ag,8.333333333333334,MnO,80.0,6.327059233137036,6.327059233137036,6.489809140320952,6.489809140320952,6.327059233137036
Ni,9.7,CeO2,79.73058823529414,6.378549870759928,6.378549870759928,6.487178061140453,6.487178061140453,6.378549870759928
Ag,8.333333333333334,rGO,83.75,6.391558731029473,6.391558731029473,6.466025297089999,6.466025297089999,6.391558731029473
Mn,1.6,Al2O3,56.67370689655172,6.279487894392799,6.279487894392798,6.406014974392799,6.406014974392799,6.279487894392798
Co,7.5,Ga2O3,80.0,6.306853437952467,6.306853437952466,6.397492056964994,6.397492056964994,6.306853437952466
Ag,8.333333333333334,ZrO2-CeO2,80.0,6.314362795117035,6.314362795117035,6.388829361177562,6.388829361177562,6.314362795117035
Zr,20.0,In2O3-ZrO2,99.0,6.27773143853152,6.277731438531519,6.385168602659601,6.385168602659601,6.277731438531519
Zn,21.70344827586207,In2O3-ZrO2,99.0,6.277731438531519,6.277731438531519,6.385168602659601,6.385168602659601,6.277731438531519
Ag,8.333333333333334,CeO2,79.73058823529414,6.275803202487101,6.275803202487101,6.379852012187629,6.379852012187629,6.275803202487101
Ni,9.7,Ga2O3,80.0,6.263740267319927,6.263740267319926,6.372368457700454,6.372368457700454,6.263740267319926
NiGa,20.0,In2O3,96.3787514318442,6.287861777196851,6.287861777196851,6.361386270924934,6.361386270924934,6.287861777196851
Re,3.333333333333333,Al2O3,56.67370689655172,6.181388467992796,6.181388467992798,6.349203827992799,6.349203827992799,6.181388467992796
Rh,1.0,Al2O3,56.67370689655172,6.191715877626132,6.191715877626132,6.327683145426133,6.327683145426133,6.191715877626132
La,3.0,Al2O3,56.67370689655172,6.191209175492798,6.191209175492798,6.321550377492799,6.321550377492799,6.191209175492798
NiGa,20.0,In2O3-ZrO2,99.0,6.185716501664851,6.18571650166485,6.307686628792933,6.307686628792933,6.18571650166485
Ru,1.0,Al2O3,56.67370689655172,6.192938650459465,6.192938650459465,6.3041324932794645,6.3041324932794645,6.192938650459465
Zn,21.70344827586207,ZnO-Fe2O3,95.0,6.301782728228786,6.301782728228786,6.241901183142573,6.301782728228786,6.241901183142573
Zr,20.0,ZnO-Fe2O3,95.0,6.301782728228786,6.301782728228786,6.241901183142573,6.301782728228786,6.241901183142573
Au,1.2272727272727273,Al2O3,56.67370689655172,6.163338083887095,6.163338083887095,6.298385209887094,6.298385209887094,6.163338083887095
Zr,20.0,ZnAlO,97.5,6.272875615378788,6.272875615378788,6.295893474315965,6.295893474315965,6.272875615378788
Zn,21.70344827586207,ZnAlO,97.5,6.272875615378788,6.272875615378788,6.295893474315963,6.295893474315963,6.272875615378788
Ir,5.333333333333333,SBA-15,82.76486486486488,6.121669559759465,6.121669559759465,6.274553087723381,6.274553087723381,6.121669559759465
Zn,21.70344827586207,In2O3,96.3787514318442,6.22725571164152,6.22725571164152,6.266769989436269,6.266769989436269,6.22725571164152
Zr,20.0,In2O3,96.3787514318442,6.22725571164152,6.22725571164152,6.266769989436269,6.266769989436269,6.22725571164152
Ag,8.333333333333334,Ga2O3,80.0,6.160993599047101,6.160993599047101,6.265042408747628,6.265042408747628,6.160993599047101
Y,2.227272727272727,Al2O3,56.67370689655172,6.152281789359465,6.152281789359465,6.260603954179464,6.260603954179464,6.152281789359465
Co,7.5,AlCeO,38.8,6.224572484424768,6.224572484424767,6.253197357944768,6.253197357944768,6.224572484424767
Ir,5.333333333333333,rGO,83.75,6.177639633526131,6.177639633526132,6.250215283599991,6.250215283599991,6.177639633526131
Ir,5.333333333333333,MnO,80.0,6.085040532087028,6.085040532087028,6.248740903150945,6.248740903150945,6.085040532087028
Zn,21.70344827586207,MoS2,93.73333333333332,6.187970548505929,6.187970548505929,6.239348315843103,6.239348315843103,6.187970548505929
Zr,20.0,MoS2,93.73333333333332,6.187970548505929,6.187970548505929,6.239348315843103,6.239348315843103,6.187970548505929
Zn,21.70344827586207,ZnO-ZrO2,99.5333333333333,6.235683141471043,6.235683141471043,6.180142658384828,6.235683141471043,6.180142658384828
Zr,20.0,ZnO-ZrO2,99.5333333333333,6.235683141471042,6.235683141471042,6.180142658384828,6.235683141471042,6.180142658384828
NiGa,20.0,ZnO-Fe2O3,95.0,6.235123956545452,6.235123956545452,6.174409926359239,6.235123956545452,6.174409926359239
NiGa,20.0,ZnAlO,97.5,6.185125106945453,6.185125106945453,6.207310480782629,6.207310480782629,6.185125106945453
Zr,20.0,Nb2O5,93.4,6.186002549548785,6.186002549548785,6.203587502485963,6.203587502485963,6.186002549548785
Zn,21.70344827586207,Nb2O5,93.4,6.186002549548785,6.186002549548785,6.203587502485962,6.203587502485962,6.186002549548785
Pd,3.524342105263158,CuO,75.0,6.010845145555555,6.010845145555557,6.178965305555556,6.178965305555556,6.010845145555555
NiGa,20.0,MoS2,93.73333333333332,6.097379121022596,6.097379121022596,6.14792440325977,6.14792440325977,6.097379121022596
Ir,5.333333333333333,ZrO2-CeO2,80.0,6.054642419213695,6.054642419213695,6.127218069287554,6.127218069287554,6.054642419213695
NiGa,20.0,ZnO-ZrO2,99.5333333333333,6.116879121704375,6.116879121704375,6.060506153518161,6.116879121704375,6.060506153518161
NiGa,20.0,Nb2O5,93.4,6.0887589617654525,6.0887589617654525,6.105511429602628,6.105511429602628,6.0887589617654525
Pd,3.524342105263158,ZnO - Al2O3,66.0,5.925736251132795,5.925736251132795,6.097747402432795,6.097747402432795,5.925736251132795
Ni,9.7,AlCeO,38.8,6.032240471174768,6.032240471174768,6.0593904006947685,6.0593904006947685,6.032240471174768
Ag,8.333333333333334,AlCeO,38.8,6.025411965424768,6.025411965424768,6.054036838944768,6.054036838944768,6.025411965424768
Ir,5.333333333333333,CeO2,79.73058823529414,5.972237394542169,5.972237394542169,6.053563110634696,6.053563110634696,5.972237394542169
Zn,21.70344827586207,SiO2,92.02162162162162,6.016420499648789,6.016420499648787,6.045029196585961,6.045029196585961,6.016420499648787
Zr,20.0,TiO2,91.93333333333334,6.016420499648787,6.016420499648786,6.045029196585961,6.045029196585961,6.016420499648786
Zr,20.0,SiO2,92.02162162162162,6.016420499648787,6.016420499648787,6.045029196585961,6.045029196585961,6.016420499648787
Zn,21.70344827586207,TiO2,91.93333333333334,6.016420499648787,6.016420499648787,6.045029196585961,6.045029196585961,6.016420499648787
Mn,1.6,CuO,75.0,5.913608596923557,5.913608596923556,6.0401356769235575,6.0401356769235575,5.913608596923556
Zn,21.70344827586207,MOF,93.95,5.934106789748187,5.934106789748187,6.040026920276269,6.040026920276269,5.934106789748187
Zr,20.0,MOF,93.95,5.934106789748187,5.934106789748187,6.040026920276269,6.040026920276269,5.934106789748187
Zn,21.70344827586207,ZnAl2O4,92.5,6.011288816248788,6.011288816248788,6.039897513185962,6.039897513185962,6.011288816248788
Zr,20.0,ZnAl2O4,92.5,6.011288816248788,6.011288816248788,6.039897513185962,6.039897513185962,6.011288816248788
Cu,21.69358585858586,In2O3,96.3787514318442,5.954306267423083,5.954306267423083,6.021206662356078,6.021206662356078,5.954306267423083
Re,3.333333333333333,CuO,75.0,5.820045126523554,5.820045126523556,5.987860486523557,5.987860486523557,5.820045126523554
Rh,1.0,CuO,75.0,5.8375632641568895,5.8375632641568895,5.973530531956891,5.973530531956891,5.8375632641568895
NiGa,20.0,MOF,93.95,5.851622184364853,5.851622184364854,5.972075277892934,5.972075277892934,5.851622184364853
NiGa,20.0,TiO2,91.93333333333334,5.923130748965454,5.923130748965452,5.954703262802627,5.954703262802627,5.923130748965452
NiGa,20.0,SiO2,92.02162162162162,5.923130748965452,5.923130748965452,5.954703262802627,5.954703262802627,5.923130748965452
NiGa,20.0,ZnAl2O4,92.5,5.917999065565453,5.917999065565453,5.949571579402627,5.949571579402627,5.917999065565453
Cu,21.69358585858586,ZnO-Fe2O3,95.0,5.943655352391682,5.943655352391684,5.854796846290383,5.943655352391684,5.854796846290383
La,3.0,CuO,75.0,5.809550116636237,5.809550116636238,5.939891318636239,5.939891318636239,5.809550116636237
Ru,1.0,CuO,75.0,5.828220620340222,5.828220620340222,5.939414463160224,5.939414463160224,5.828220620340222
Ir,5.333333333333333,Ga2O3,80.0,5.857427791102169,5.857427791102169,5.938753507194697,5.938753507194697,5.857427791102169
Au,1.2272727272727273,CuO,75.0,5.786529465030534,5.786529465030537,5.921576591030533,5.921576591030533,5.786529465030534
Cu,21.69358585858586,ZnAlO,97.5,5.913358020691684,5.913358020691684,5.907398918613774,5.913358020691684,5.907398918613774
Cu,21.69358585858586,In2O3-ZrO2,99.0,5.804424132491083,5.804424132491083,5.902325972704078,5.902325972704078,5.804424132491083
Mg,0.7000000000000001,CeO2,79.73058823529414,5.700877912200329,5.700877912200329,5.898723336464332,5.898723336464332,5.700877912200329
Y,2.227272727272727,CuO,75.0,5.782713319240222,5.782713319240222,5.891035484060224,5.891035484060224,5.782713319240222
Cu,21.69358585858586,ZnO-ZrO2,99.5333333333333,5.889400390250606,5.889400390250605,5.800541884149304,5.889400390250606,5.800541884149304
Zr,20.0,MSU-F,89.53333333333335,5.765060045267247,5.765060045267247,5.850563714075329,5.850563714075329,5.765060045267247
Zn,21.70344827586207,MSU-F,89.53333333333335,5.765060045267247,5.765060045267247,5.850563714075329,5.850563714075329,5.765060045267247
Zn,21.70344827586207,MCM-41,87.15,5.761356215241658,5.761356215241658,5.8468598840497386,5.8468598840497386,5.761356215241658
Zr,20.0,MCM-41,87.15,5.761356215241658,5.761356215241658,5.8468598840497386,5.8468598840497386,5.761356215241658
Mg,0.7000000000000001,Ga2O3,80.0,5.631605338240328,5.631605338240328,5.829450762504333,5.829450762504333,5.631605338240328
Ir,5.333333333333333,AlCeO,38.8,5.819156856958768,5.819156856958768,5.817376350958768,5.819156856958768,5.817376350958768
Mg,0.7000000000000001,ZnO - Al2O3,66.0,5.6196428578494615,5.6196428578494615,5.803033207682794,5.803033207682794,5.6196428578494615
Pd,3.524342105263158,ZnO,57.98146341463415,5.612404111132796,5.612404111132795,5.784415262432796,5.784415262432796,5.612404111132795
NiGa,20.0,MSU-F,89.53333333333335,5.696561180653914,5.696561180653914,5.778138336361996,5.778138336361996,5.696561180653914
NiGa,20.0,MCM-41,87.15,5.692857350628325,5.692857350628325,5.774434506336406,5.774434506336406,5.692857350628325
Cu,21.69358585858586,SiO2,92.02162162162162,5.743128813331683,5.743128813331683,5.749650879253774,5.749650879253774,5.743128813331683
Cu,21.69358585858586,TiO2,91.93333333333334,5.743128813331683,5.743128813331683,5.749650879253773,5.749650879253773,5.743128813331683
Cu,21.69358585858586,ZnAl2O4,92.5,5.737997129931683,5.737997129931683,5.744519195853774,5.744519195853774,5.737997129931683
Cu,21.69358585858586,MoS2,93.73333333333332,5.712079255948827,5.712079255948827,5.738556251270917,5.738556251270917,5.712079255948827
Mn,1.6,ZnO - Al2O3,66.0,5.540591615832795,5.540591615832795,5.721695630432794,5.721695630432794,5.540591615832795
Cu,21.69358585858586,Nb2O5,93.4,5.707535285691685,5.707535285691685,5.696143277613774,5.707535285691685,5.696143277613774
La,3.0,ZnO - Al2O3,66.0,5.456352393299462,5.456352393299462,5.631222465332795,5.631222465332795,5.456352393299462
Au,1.2272727272727273,ZnO - Al2O3,66.0,5.409400508093759,5.409400508093759,5.6027752159270925,5.6027752159270925,5.409400508093759
Ni,9.7,In2O3,96.3787514318442,5.511644057086998,5.511644057086998,5.586376255831996,5.586376255831996,5.511644057086998
Cu,21.69358585858586,MSU-F,89.53333333333335,5.516936864217749,5.516936864217749,5.575672150810744,5.575672150810744,5.516936864217749
Cu,21.69358585858586,MCM-41,87.15,5.506342704192159,5.506342704192159,5.565077990785155,5.565077990785155,5.506342704192159
Cu,21.69358585858586,MOF,93.95,5.439031989291084,5.439031989291083,5.53541679590408,5.53541679590408,5.439031989291083
Mg,0.7000000000000001,ZnO,57.98146341463415,5.341066707849462,5.341066707849462,5.524457057682796,5.524457057682796,5.341066707849462
Ru,1.0,ZnO - Al2O3,66.0,5.319223061032796,5.319223061032796,5.512907604432795,5.512907604432795,5.319223061032796
Ni,9.7,In2O3-ZrO2,99.0,5.377231448854997,5.377231448854997,5.505885209199995,5.505885209199995,5.377231448854997
Y,2.227272727272727,ZnO - Al2O3,66.0,5.317048157432797,5.317048157432797,5.494062311032796,5.494062311032796,5.317048157432797
Re,3.333333333333333,ZnO - Al2O3,66.0,5.299169804032797,5.299169804032797,5.491416928332797,5.491416928332797,5.299169804032797
Rh,1.0,ZnO - Al2O3,66.0,5.278774376732796,5.278774376732796,5.489215755032795,5.489215755032795,5.278774376732796
Pd,3.524342105263158,ZrO2,75.81729729729729,5.283013785863317,5.283013785863318,5.455024937163317,5.455024937163317,5.283013785863317
Mg,0.7000000000000001,AlCeO,38.8,5.304473825204553,5.304473825204553,5.443991885204554,5.443991885204554,5.304473825204553
Mn,1.6,ZnO,57.98146341463415,5.262015465832795,5.262015465832795,5.443119480432797,5.443119480432797,5.262015465832795
Ni,9.7,ZnO-Fe2O3,95.0,5.432754360048931,5.432754360048931,5.366361676560597,5.432754360048931,5.366361676560597
La,3.0,ZnO,57.98146341463415,5.177776243299462,5.177776243299462,5.352646315332796,5.352646315332796,5.177776243299462
Ni,9.7,ZnAlO,97.5,5.328420230948933,5.328420230948933,5.346173985483988,5.346173985483988,5.328420230948933
Pd,3.524342105263158,CeO2,79.73058823529414,5.104215321904228,5.104215321904228,5.3427656676255175,5.3427656676255175,5.104215321904228
Mn,1.6,CeO2,79.73058823529414,5.154603698761832,5.154603698761832,5.339458143025836,5.339458143025836,5.154603698761832
Mg,0.7000000000000001,In2O3,96.3787514318442,5.020981558381996,5.020981558381996,5.336206587181998,5.336206587181998,5.020981558381996
Co,7.5,In2O3,96.3787514318442,5.246182812809857,5.246182812809857,5.328485468606857,5.328485468606857,5.246182812809857
Au,1.2272727272727273,ZnO,57.98146341463415,5.130824358093759,5.130824358093759,5.324199065927093,5.324199065927093,5.130824358093759
Rh,1.0,CeO2,79.73058823529414,5.1284849579855605,5.1284849579855605,5.3227795900495645,5.3227795900495645,5.1284849579855605
NiGa,20.0,CeW0.25Ox,89.1,5.2390762279072485,5.2390762279072485,5.302288902635331,5.302288902635331,5.2390762279072485
Ru,1.0,CeO2,79.73058823529414,5.129707730818893,5.129707730818893,5.299228937902897,5.299228937902897,5.129707730818893
Pd,3.524342105263158,Ga2O3,80.0,5.050937723944227,5.050937723944228,5.289488069665517,5.289488069665517,5.050937723944227
Zr,20.0,CeW0.25Ox,89.1,5.233670486060582,5.233670486060582,5.289103629688664,5.289103629688664,5.233670486060582
Zn,21.70344827586207,CeW0.25Ox,89.1,5.233670486060582,5.233670486060582,5.289103629688664,5.289103629688664,5.233670486060582
Ni,9.7,MoS2,93.73333333333332,5.241714112746076,5.241714112746074,5.28810121858113,5.28810121858113,5.241714112746074
Re,3.333333333333333,CeO2,79.73058823529414,5.050248678352228,5.050248678352228,5.27639140261623,5.27639140261623,5.050248678352228
Mn,1.6,Ga2O3,80.0,5.090895274801833,5.090895274801833,5.275749719065836,5.275749719065836,5.090895274801833
Rh,1.0,Ga2O3,80.0,5.07754764802556,5.07754764802556,5.271842280089564,5.271842280089564,5.07754764802556
Ni,9.7,ZnO-ZrO2,99.5333333333333,5.269606425207855,5.269606425207855,5.2088018377195215,5.269606425207855,5.2088018377195215
Cu,21.69358585858586,CeW0.25Ox,89.1,5.2062600462710815,5.2062600462710815,5.261669003804078,5.261669003804078,5.2062600462710815
Ni,9.7,Nb2O5,93.4,5.234614430388932,5.234614430388932,5.247208721823988,5.247208721823988,5.234614430388932
Ru,1.0,Ga2O3,80.0,5.068205004208893,5.0682050042088935,5.237726211292896,5.237726211292896,5.068205004208893
Ru,1.0,ZnO,57.98146341463415,5.040646911032796,5.040646911032796,5.234331454432796,5.234331454432796,5.040646911032796
Mg,0.7000000000000001,ZrO2,75.81729729729729,5.046342991192665,5.046342991192665,5.229733341025998,5.229733341025998,5.046342991192665
Re,3.333333333333333,Ga2O3,80.0,4.9969710803922265,4.9969710803922265,5.223113804656229,5.223113804656229,4.9969710803922265
Y,2.227272727272727,ZnO,57.98146341463415,5.038472007432796,5.038472007432796,5.215486161032797,5.215486161032797,5.038472007432796
Co,7.5,In2O3-ZrO2,99.0,5.081037905177856,5.081037905177856,5.214475159142856,5.214475159142856,5.081037905177856
Re,3.333333333333333,ZnO,57.98146341463415,5.020593654032795,5.020593654032795,5.212840778332797,5.212840778332797,5.020593654032795
Rh,1.0,ZnO,57.98146341463415,5.0001982267327945,5.0001982267327945,5.210639605032797,5.210639605032797,5.0001982267327945
Y,2.227272727272727,CeO2,79.73058823529414,5.0211419997188935,5.0211419997188935,5.187791528802896,5.187791528802896,5.0211419997188935
Co,7.5,ZnO-Fe2O3,95.0,5.184977227084047,5.184977227084047,5.11437109968238,5.184977227084047,5.11437109968238
Ag,8.333333333333334,In2O3,96.3787514318442,5.077092573266999,5.077092573266999,5.175158381751999,5.175158381751999,5.077092573266999
Mg,0.7000000000000001,CeW0.25Ox,89.1,4.970442352309998,4.970442352309998,5.172229323629998,5.172229323629998,4.970442352309998
Au,1.2272727272727273,CeO2,79.73058823529414,4.971034691924625,4.971034691924625,5.164409182188628,5.164409182188628,4.971034691924625
Mn,1.6,ZrO2,75.81729729729729,4.9782210705633165,4.9782210705633165,5.159325085163317,5.159325085163317,4.9782210705633165
Co,7.5,ZnAlO,97.5,5.11236618821738,5.11236618821738,5.128747878705772,5.128747878705772,5.11236618821738
Co,7.5,ZnO-ZrO2,99.5333333333333,5.128429358984047,5.128429358984047,5.059070265582379,5.128429358984047,5.059070265582379
Y,2.227272727272727,Ga2O3,80.0,4.959639273108893,4.959639273108894,5.126288802192898,5.126288802192898,4.959639273108893
Ni,9.7,MOF,93.95,4.991348748454999,4.991348748454999,5.118758918099999,5.118758918099999,4.991348748454999
La,3.0,CeO2,79.73058823529414,4.916522939050328,4.916522939050328,5.10519150531433,5.10519150531433,4.916522939050328
Au,1.2272727272727273,Ga2O3,80.0,4.907326267964624,4.907326267964624,5.100700758228627,5.100700758228627,4.907326267964624
Mg,0.7000000000000001,MCM-41,87.15,4.824823544189997,4.824823544189997,5.071234304809996,5.071234304809996,4.824823544189997
Mg,0.7000000000000001,MOF,93.95,4.689806964649996,4.689806964649996,5.053724837749996,5.053724837749996,4.689806964649996
La,3.0,ZrO2,75.81729729729729,4.878202086642665,4.878202086642665,5.053072158675999,5.053072158675999,4.878202086642665
Ag,8.333333333333334,In2O3-ZrO2,99.0,4.911947665634997,4.911947665634997,5.047737881599997,5.047737881599997,4.911947665634997
Ni,9.7,SiO2,92.02162162162162,5.015418972368933,5.015418972368933,5.04518627180399,5.04518627180399,5.015418972368933
Ni,9.7,TiO2,91.93333333333334,5.015418972368933,5.015418972368933,5.04518627180399,5.04518627180399,5.015418972368933
La,3.0,Ga2O3,80.0,4.852814515090326,4.852814515090326,5.04148308135433,5.04148308135433,4.852814515090326
Mg,0.7000000000000001,In2O3-ZrO2,99.0,4.717123855849996,4.717123855849995,5.0395991300499965,5.0395991300499965,4.717123855849995
Ni,9.7,ZnAl2O4,92.5,5.005155605568933,5.005155605568933,5.034922905003991,5.034922905003991,5.005155605568933
Au,1.2272727272727273,ZrO2,75.81729729729729,4.836100641436961,4.836100641436961,5.029475349270295,5.029475349270295,4.836100641436961
Ag,8.333333333333334,ZnO-Fe2O3,95.0,5.025325852515599,5.025325852515599,4.959914066980598,5.025325852515599,4.959914066980598
Ag,8.333333333333334,ZnAlO,97.5,4.971647071315599,4.971647071315599,4.990381723803989,4.990381723803989,4.971647071315599
Co,7.5,MSU-F,89.53333333333335,4.900251228124522,4.900251228124522,4.97674833336952,4.97674833336952,4.900251228124522
Co,7.5,MCM-41,87.15,4.897066891298931,4.897066891298931,4.97356399654393,4.97356399654393,4.897066891298931
Ag,8.333333333333334,ZnO-ZrO2,99.5333333333333,4.957121620374521,4.957121620374522,4.892956868839522,4.957121620374522,4.892956868839522
Ru,1.0,ZrO2,75.81729729729729,4.756852515763317,4.756852515763317,4.950537059163318,4.950537059163318,4.756852515763317
Rh,1.0,ZrO2,75.81729729729729,4.7164038314633165,4.7164038314633165,4.926845209763318,4.926845209763318,4.7164038314633165
Y,2.227272727272727,ZrO2,75.81729729729729,4.749827172163318,4.749827172163318,4.926841325763318,4.926841325763318,4.749827172163318
Ni,9.7,MSU-F,89.53333333333335,4.834739335664057,4.834739335664057,4.925626529489057,4.925626529489057,4.834739335664057
Re,3.333333333333333,ZrO2,75.81729729729729,4.731948818763318,4.731948818763318,4.924195943063319,4.924195943063319,4.731948818763318
Co,7.5,MOF,93.95,4.784115498877855,4.784115498877855,4.916309162142856,4.916309162142856,4.784115498877855
Ni,9.7,MCM-41,87.15,4.817024592238467,4.817024592238467,4.907911786063467,4.907911786063467,4.817024592238467
Pd,3.524342105263158,MnO,80.0,4.566059369432948,4.566059369432948,4.906414469124295,4.906414469124295,4.566059369432948
Pd,3.524342105263158,AlCeO,38.8,4.730382193586553,4.730382193586553,4.8985023535865535,4.8985023535865535,4.730382193586553
Pd,3.524342105263158,SBA-15,82.76486486486488,4.52235675079815,4.52235675079815,4.851895007389497,4.851895007389497,4.52235675079815
Mn,1.6,AlCeO,38.8,4.676306440954551,4.676306440954551,4.802833520954553,4.802833520954553,4.676306440954551
Re,3.333333333333333,AlCeO,38.8,4.626557323221218,4.626557323221219,4.794372683221219,4.794372683221219,4.626557323221218
Ag,8.333333333333334,MoS2,93.73333333333332,4.740454344292742,4.740454344292742,4.791898537081131,4.791898537081131,4.740454344292742
Pd,3.524342105263158,rGO,83.75,4.532234163664817,4.532234163664817,4.789149475166107,4.789149475166107,4.532234163664817
Pd,3.524342105263158,ZrO2-CeO2,80.0,4.518908585199615,4.518908585199615,4.775823896700905,4.775823896700905,4.518908585199615
Ag,8.333333333333334,SiO2,92.02162162162162,4.7602571333556,4.7602571333556,4.773699358743989,4.773699358743989,4.7602571333556
Ag,8.333333333333334,TiO2,91.93333333333334,4.7602571333556,4.7602571333556,4.773699358743989,4.773699358743989,4.7602571333556
Rh,1.0,AlCeO,38.8,4.636884732854552,4.636884732854552,4.772852000654554,4.772852000654554,4.636884732854552
Ag,8.333333333333334,ZnAl2O4,92.5,4.749993766555599,4.749993766555599,4.7634359919439895,4.7634359919439895,4.749993766555599
Ag,8.333333333333334,Nb2O5,93.4,4.737430850935598,4.737430850935598,4.751006040323989,4.751006040323989,4.737430850935598
Ru,1.0,AlCeO,38.8,4.638107505687885,4.638107505687885,4.749301348507886,4.749301348507886,4.638107505687885
La,3.0,AlCeO,38.8,4.588027722054552,4.588027722054552,4.718368924054553,4.718368924054553,4.588027722054552
Mn,1.6,MnO,80.0,4.383824012694518,4.383824012694518,4.711525016328578,4.711525016328578,4.383824012694518
Mg,0.7000000000000001,MnO,80.0,4.37949452779968,4.37949452779968,4.709481866667073,4.709481866667073,4.37949452779968
Y,2.227272727272727,AlCeO,38.8,4.597450644587885,4.5974506445878855,4.705772809407886,4.705772809407886,4.597450644587885
Mn,1.6,SBA-15,82.76486486486488,4.34019084285972,4.34019084285972,4.658549947393779,4.658549947393779,4.34019084285972
Ag,8.333333333333334,MSU-F,89.53333333333335,4.577875747181664,4.577875747181664,4.656725814426663,4.656725814426663,4.577875747181664
Mg,0.7000000000000001,SBA-15,82.76486486486488,4.335861357964882,4.335861357964882,4.656506797732274,4.656506797732274,4.335861357964882
Au,1.2272727272727273,AlCeO,38.8,4.507127714054552,4.507127714054552,4.642174840054552,4.642174840054552,4.507127714054552
Ag,8.333333333333334,MCM-41,87.15,4.556364701756073,4.556364701756073,4.635214769001072,4.635214769001072,4.556364701756073
Ag,8.333333333333334,MOF,93.95,4.463813309334999,4.463813309334999,4.598359934599999,4.598359934599999,4.463813309334999
Mn,1.6,rGO,83.75,4.339032100626387,4.339032100626387,4.592937453970389,4.592937453970389,4.339032100626387
Mg,0.7000000000000001,rGO,83.75,4.336190171831547,4.336190171831547,4.592381860408884,4.592381860408884,4.336190171831547
Mn,1.6,ZrO2-CeO2,80.0,4.325706522161185,4.325706522161185,4.579611875505187,4.579611875505187,4.325706522161185
Mg,0.7000000000000001,ZrO2-CeO2,80.0,4.322864593366345,4.322864593366345,4.579056281943682,4.579056281943682,4.322864593366345
Ru,1.0,MnO,80.0,4.208507851804913,4.208507851804913,4.548789384238972,4.548789384238972,4.208507851804913
Rh,1.0,MnO,80.0,4.168059167504913,4.168059167504913,4.525097534838972,4.525097534838972,4.168059167504913
Au,1.2272727272727273,MnO,80.0,4.163996865523977,4.163996865523977,4.503968562391369,4.503968562391369,4.163996865523977
Ru,1.0,SBA-15,82.76486486486488,4.157189749170115,4.157189749170114,4.488129382504173,4.488129382504173,4.157189749170114
Rh,1.0,SBA-15,82.76486486486488,4.116741064870115,4.116741064870115,4.4644375331041735,4.4644375331041735,4.116741064870115
Y,2.227272727272727,MnO,80.0,4.135666238304914,4.135666238304914,4.462035220838973,4.462035220838973,4.135666238304914
Re,3.333333333333333,MnO,80.0,4.113376530904914,4.1133765309049135,4.454978484138973,4.454978484138973,4.1133765309049135
Au,1.2272727272727273,SBA-15,82.76486486486488,4.120363695689179,4.120363695689179,4.45099349345657,4.45099349345657,4.120363695689179
La,3.0,MnO,80.0,4.12294110514968,4.12294110514968,4.447166006117072,4.447166006117072,4.12294110514968
Co,7.5,CeW0.25Ox,89.1,4.372583725177856,4.372583725177856,4.422253877574855,4.422253877574855,4.372583725177856
Ir,5.333333333333333,MSU-F,89.53333333333335,4.32323499960452,4.32323499960452,4.41029933822952,4.41029933822952,4.32323499960452
Ru,1.0,rGO,83.75,4.141390327336781,4.141390327336781,4.407876209480785,4.407876209480785,4.141390327336781
Au,1.2272727272727273,rGO,83.75,4.140421796555845,4.140421796555845,4.406597843133182,4.406597843133182,4.140421796555845
Y,2.227272727272727,SBA-15,82.76486486486488,4.084348135670116,4.084348135670116,4.401375219104175,4.401375219104175,4.084348135670116
Ru,1.0,ZrO2-CeO2,80.0,4.128064748871579,4.128064748871579,4.394550631015582,4.394550631015582,4.128064748871579
Re,3.333333333333333,SBA-15,82.76486486486488,4.062058428270116,4.062058428270116,4.394318482404176,4.394318482404176,4.062058428270116
Au,1.2272727272727273,ZrO2-CeO2,80.0,4.127096218090643,4.127096218090643,4.39327226466798,4.39327226466798,4.127096218090643
La,3.0,SBA-15,82.76486486486488,4.077763542514882,4.077763542514882,4.392646544382274,4.392646544382274,4.077763542514882
Rh,1.0,rGO,83.75,4.100941643036781,4.100941643036781,4.384184360080784,4.384184360080784,4.100941643036781
Rh,1.0,ZrO2-CeO2,80.0,4.08761606457158,4.08761606457158,4.370858781615582,4.370858781615582,4.08761606457158
Ir,5.333333333333333,CeW0.25Ox,89.1,4.308902254421855,4.308902254421855,4.358876273398854,4.358876273398854,4.308902254421855
Ir,5.333333333333333,MCM-41,87.15,4.278297874442931,4.278297874442931,4.35509884626793,4.35509884626793,4.278297874442931
La,3.0,rGO,83.75,4.104990837281549,4.104990837281549,4.352662248058885,4.352662248058885,4.104990837281549
Ni,9.7,CeW0.25Ox,89.1,4.282995971317392,4.282995971317392,4.345428251062392,4.345428251062392,4.282995971317392
La,3.0,ZrO2-CeO2,80.0,4.091665258816346,4.091665258816346,4.339336669593683,4.339336669593683,4.091665258816346
Y,2.227272727272727,rGO,83.75,4.071306553736783,4.071306553736783,4.321122046080785,4.321122046080785,4.071306553736783
Re,3.333333333333333,rGO,83.75,4.053428200336782,4.053428200336781,4.318476663380785,4.318476663380785,4.053428200336781
Y,2.227272727272727,ZrO2-CeO2,80.0,4.0579809752715805,4.0579809752715805,4.307796467615583,4.307796467615583,4.0579809752715805
Re,3.333333333333333,ZrO2-CeO2,80.0,4.04010262187158,4.04010262187158,4.305151084915583,4.305151084915583,4.04010262187158
Mg,0.7000000000000001,MSU-F,89.53333333333335,4.009157039789998,4.009157039789998,4.274797656409998,4.274797656409998,4.009157039789998
Ag,8.333333333333334,CeW0.25Ox,89.1,4.201881535634999,4.201881535634999,4.267314840719997,4.267314840719997,4.201881535634999
Co,7.5,MoS2,93.73333333333332,4.090956864594522,4.090956864594522,4.140048095382912,4.140048095382912,4.090956864594522
Co,7.5,SiO2,92.02162162162162,4.11075965365738,4.11075965365738,4.12184891704577,4.12184891704577,4.11075965365738
Co,7.5,Nb2O5,93.4,4.087933371237379,4.087933371237379,4.09915559862577,4.09915559862577,4.087933371237379
Co,7.5,TiO2,91.93333333333334,4.07685825025738,4.07685825025738,4.087947513645769,4.087947513645769,4.07685825025738
Co,7.5,ZnAl2O4,92.5,4.06659488345738,4.06659488345738,4.07768414684577,4.07768414684577,4.06659488345738
Ir,5.333333333333333,In2O3,96.3787514318442,3.980944029453857,3.980944029453857,4.066120998430859,4.066120998430859,3.980944029453857
Ru,1.0,MCM-41,87.15,3.708245091873724,3.708245091873724,4.0121990919337245,4.0121990919337245,3.708245091873724
Mn,1.6,MCM-41,87.15,3.710051878039996,3.7100518780399967,3.9883889198999976,3.9883889198999976,3.710051878039996
Rh,1.0,MCM-41,87.15,3.662160071043724,3.662160071043724,3.983823911303725,3.983823911303725,3.662160071043724
Re,3.333333333333333,MCM-41,87.15,3.651011899310391,3.651011899310391,3.9618965551703913,3.9618965551703913,3.651011899310391
Ir,5.333333333333333,In2O3-ZrO2,99.0,3.815552796321856,3.815552796321856,3.955882295666856,3.955882295666856,3.815552796321856
Ir,5.333333333333333,ZnO-Fe2O3,95.0,3.9323254435273807,3.9323254435273807,3.869827942305713,3.9323254435273807,3.869827942305713
Re,3.333333333333333,CeW0.25Ox,89.1,3.663640014910393,3.663640014910393,3.930077529590394,3.930077529590394,3.663640014910393
Mn,1.6,CeW0.25Ox,89.1,3.704724111079999,3.704724111079999,3.929873345759999,3.929873345759999,3.704724111079999
Y,2.227272727272727,MCM-41,87.15,3.6010066459737238,3.6010066459737224,3.899217290033724,3.899217290033724,3.6010066459737224
Ir,5.333333333333333,MOF,93.95,3.7352267619218567,3.7352267619218567,3.869606746566857,3.869606746566857,3.7352267619218567
Pd,3.524342105263158,MCM-41,87.15,3.541576490542391,3.541576490542391,3.852765946402392,3.852765946402392,3.541576490542391
Rh,1.0,CeW0.25Ox,89.1,3.608816807750393,3.608816807750392,3.8356266991303936,3.8356266991303936,3.608816807750392
Ir,5.333333333333333,MoS2,93.73333333333332,3.773975724574523,3.773975724574523,3.831175581542914,3.831175581542914,3.773975724574523
La,3.0,MCM-41,87.15,3.545022012139997,3.545022012139997,3.8219623199999977,3.8219623199999977,3.545022012139997
Ir,5.333333333333333,ZnAlO,97.5,3.791977020760713,3.791977020760713,3.821173261429103,3.821173261429103,3.791977020760713
Pd,3.524342105263158,CeW0.25Ox,89.1,3.526944270462393,3.526944270462393,3.793686585142394,3.793686585142394,3.526944270462393
Ru,1.0,CeW0.25Ox,89.1,3.588730649873724,3.588730649873724,3.7907671162737255,3.7907671162737255,3.588730649873724
Ir,5.333333333333333,Nb2O5,93.4,3.77095223121738,3.77095223121738,3.79028308478577,3.79028308478577,3.77095223121738
La,3.0,CeW0.25Ox,89.1,3.5566943101799984,3.5566943101799984,3.7856576668599984,3.7856576668599984,3.5566943101799984
Ir,5.333333333333333,ZnO-ZrO2,99.5333333333333,3.74169404052738,3.74169404052738,3.6979928393057127,3.74169404052738,3.6979928393057127
Re,3.333333333333333,In2O3-ZrO2,99.0,3.287130975659998,3.287130975659998,3.687114328559998,3.687114328559998,3.287130975659998
Ir,5.333333333333333,TiO2,91.93333333333334,3.6678226097007127,3.6678226097007127,3.6839264712691016,3.6839264712691016,3.6678226097007127
Ir,5.333333333333333,SiO2,92.02162162162162,3.6678226097007127,3.6678226097007127,3.6839264712691016,3.6839264712691016,3.6678226097007127
Y,2.227272727272727,CeW0.25Ox,89.1,3.4805434450403907,3.4805434450403907,3.679708233440392,3.679708233440392,3.4805434450403907
Ir,5.333333333333333,ZnAl2O4,92.5,3.657559242900713,3.657559242900713,3.673663104469103,3.673663104469103,3.657559242900713
Rh,1.0,In2O3-ZrO2,99.0,3.210891115993332,3.210891115993332,3.6066870943933313,3.6066870943933313,3.210891115993332
Au,1.2272727272727273,CeW0.25Ox,89.1,3.373234070159999,3.373234070159999,3.59728658134,3.59728658134,3.373234070159999
Ru,1.0,In2O3-ZrO2,99.0,3.230303674709997,3.230303674709997,3.5966330403433293,3.5966330403433293,3.230303674709997
Y,2.227272727272727,In2O3-ZrO2,99.0,3.222289060809997,3.222289060809997,3.5857467484433294,3.5857467484433294,3.222289060809997
Mn,1.6,MOF,93.95,3.1448013331999984,3.1448013331999984,3.5828340673999977,3.5828340673999977,3.1448013331999984
Ru,1.0,MOF,93.95,3.177507324109998,3.1775073241099974,3.58197919194333,3.58197919194333,3.1775073241099974
Re,3.333333333333333,In2O3,96.3787514318442,3.2131744386799976,3.2131744386799976,3.5773423497800008,3.5773423497800008,3.2131744386799976
Mn,1.6,In2O3-ZrO2,99.0,3.1665620892999984,3.1665620892999984,3.562453022299997,3.562453022299997,3.1665620892999984
Rh,1.0,MOF,93.95,3.121768431793332,3.121768431793332,3.5597831013933314,3.5597831013933314,3.121768431793332
Pd,3.524342105263158,MSU-F,89.53333333333335,3.2240646894503926,3.2240646894503926,3.535095652710392,3.535095652710392,3.2240646894503926
Re,3.333333333333333,MOF,93.95,3.0928559516599985,3.0928559516599985,3.5309392837599978,3.5309392837599978,3.0928559516599985
Mn,1.6,MSU-F,89.53333333333335,3.2204610400399973,3.2204610400399973,3.519639887899997,3.519639887899997,3.2204610400399973
Mn,1.6,In2O3,96.3787514318442,3.1860560226186645,3.1860560226186645,3.518169187818666,3.518169187818666,3.1860560226186645
Pd,3.524342105263158,In2O3-ZrO2,99.0,3.1188038546919983,3.1188038546919983,3.516739045591998,3.516739045591998,3.1188038546919983
Y,2.227272727272727,MOF,93.95,3.0498688782099976,3.0498688782099976,3.44859739004333,3.44859739004333,3.0498688782099976
Au,1.2272727272727273,MCM-41,87.15,3.161733775539998,3.161733775539998,3.436634915899997,3.436634915899997,3.161733775539998
La,3.0,In2O3-ZrO2,99.0,3.0162571342999995,3.0162571342999995,3.4327759772999986,3.4327759772999986,3.0162571342999995
Ru,1.0,MSU-F,89.53333333333335,3.097559543363725,3.097559543363725,3.425191856723724,3.425191856723724,3.097559543363725
Rh,1.0,In2O3,96.3787514318442,3.109872796919998,3.109872796919998,3.4009689897866666,3.4009689897866666,3.109872796919998
Rh,1.0,MSU-F,89.53333333333335,3.0388406216837263,3.0388406216837263,3.3770892299437247,3.3770892299437247,3.0388406216837263
Re,3.333333333333333,MSU-F,89.53333333333335,3.0402675973503928,3.0402675973503928,3.367737021210392,3.367737021210392,3.0402675973503928
Pd,3.524342105263158,In2O3,96.3787514318442,2.9760684189439983,2.976068418943999,3.340527346044,3.340527346044,2.9760684189439983
La,3.0,MOF,93.95,2.8789665741999992,2.8789665741999992,3.334755540399999,3.334755540399999,2.8789665741999992
La,3.0,MSU-F,89.53333333333335,3.035469902139999,3.035469902139999,3.3332520159999985,3.3332520159999985,3.035469902139999
Y,2.227272727272727,MSU-F,89.53333333333335,3.004812994863725,3.004812994863725,3.326701952223725,3.326701952223725,3.004812994863725
Ru,1.0,In2O3,96.3787514318442,3.044759128039997,3.044759128039997,3.2993251233599983,3.2993251233599983,3.044759128039997
La,3.0,In2O3,96.3787514318442,2.938090663718666,2.938090663718666,3.2931709169186663,3.2931709169186663,2.938090663718666
Pd,3.524342105263158,MOF,93.95,2.831142081691999,2.831142081691999,3.2671772517919986,3.2671772517919986,2.831142081691999
Y,2.227272727272727,In2O3,96.3787514318442,2.923987107406664,2.923987107406664,3.1756814247266645,3.1756814247266645,2.923987107406664
Mg,0.7000000000000001,ZnAlO,97.5,2.757875253949999,2.757875253949999,3.0444484665733893,3.0444484665733893,2.757875253949999
Au,1.2272727272727273,MSU-F,89.53333333333335,2.67504636614,2.67504636614,2.9707893124999987,2.9707893124999987,2.67504636614
Mg,0.7000000000000001,MoS2,93.73333333333332,2.573160391749999,2.573160391749999,2.9299610745733897,2.9299610745733897,2.573160391749999
Au,1.2272727272727273,In2O3,96.3787514318442,2.525019836898666,2.525019836898666,2.886203205998666,2.886203205998666,2.525019836898666
Mg,0.7000000000000001,ZnO-Fe2O3,95.0,2.643311279316665,2.643311279316665,2.84414370805,2.84414370805,2.643311279316665
Au,1.2272727272727273,In2O3-ZrO2,99.0,2.4179301015000005,2.4179301015000005,2.8249378202,2.8249378202,2.4179301015000005
Au,1.2272727272727273,MOF,93.95,2.3199296815,2.3199296815,2.7737851254,2.7737851254,2.3199296815
Mg,0.7000000000000001,Nb2O5,93.4,2.47653900345,2.47653900345,2.7663907482733894,2.7663907482733894,2.47653900345
Mg,0.7000000000000001,SiO2,92.02162162162162,2.414793049349999,2.414793049349999,2.697453832873389,2.697453832873389,2.414793049349999
Mg,0.7000000000000001,TiO2,91.93333333333334,2.414793049349999,2.414793049349999,2.697453832873389,2.697453832873389,2.414793049349999
Mg,0.7000000000000001,ZnAl2O4,92.5,2.414793049349999,2.414793049349999,2.697453832873389,2.697453832873389,2.414793049349999
Mg,0.7000000000000001,ZnO-ZrO2,99.5333333333333,2.419739145416666,2.419739145416666,2.552864434649999,2.552864434649999,2.419739145416666
Pd,3.524342105263158,ZnAlO,97.5,2.195946717283333,2.195946717283333,2.4660120447733904,2.4660120447733904,2.195946717283333
Pd,3.524342105263158,MoS2,93.73333333333332,2.119253733633333,2.119253733633333,2.4286066436233904,2.4286066436233904,2.119253733633333
Mn,1.6,ZnAlO,97.5,2.1429367445166663,2.1429367445166663,2.424972182406724,2.424972182406724,2.1429367445166663
Mn,1.6,MoS2,93.73333333333332,2.056185375633334,2.056185375633334,2.3734153911233906,2.3734153911233906,2.056185375633334
Pd,3.524342105263158,ZnO-Fe2O3,95.0,2.1526111029499995,2.1526111029499995,2.33098268855,2.33098268855,2.1526111029499995
Pd,3.524342105263158,Nb2O5,93.4,2.0476360909333327,2.0476360909333327,2.3231961865233903,2.3231961865233903,2.0476360909333327
Mn,1.6,ZnO-Fe2O3,95.0,2.085565578883333,2.085565578883333,2.2759072748833336,2.2759072748833336,2.085565578883333
Pd,3.524342105263158,ZnO-ZrO2,99.5333333333333,2.12934483975,2.12934483975,2.2743944542500008,2.2743944542500008,2.12934483975
Mn,1.6,Nb2O5,93.4,1.9901883147333337,1.9901883147333337,2.2695493268233906,2.2695493268233906,1.9901883147333337
Pd,3.524342105263158,SiO2,92.02162162162162,1.9845771977833329,1.9845771977833329,2.2440360721733903,2.2440360721733903,1.9845771977833329
Pd,3.524342105263158,ZnAl2O4,92.5,1.9845771977833329,1.9845771977833329,2.2440360721733903,2.2440360721733903,1.9845771977833329
Pd,3.524342105263158,TiO2,91.93333333333334,1.9845771977833329,1.9845771977833329,2.2440360721733903,2.2440360721733903,1.9845771977833329
La,3.0,ZnAlO,97.5,1.9267748762833332,1.9267748762833332,2.2217293376067238,2.2217293376067238,1.9267748762833332
La,3.0,MoS2,93.73333333333332,1.8266412480000005,1.8266412480000005,2.15954812682339,2.15954812682339,1.8266412480000005
Mn,1.6,ZnAl2O4,92.5,1.8829341699166668,1.8829341699166668,2.150763158706724,2.150763158706724,1.8829341699166668
Mn,1.6,SiO2,92.02162162162162,1.8829341699166668,1.8829341699166668,2.150763158706724,2.150763158706724,1.8829341699166668
Mn,1.6,TiO2,91.93333333333334,1.8829341699166668,1.8829341699166668,2.150763158706724,2.150763158706724,1.8829341699166668
Mn,1.6,ZnO-ZrO2,99.5333333333333,1.9489889852833335,1.9489889852833335,2.0970785400833334,2.0970785400833334,1.9489889852833335
La,3.0,ZnO-Fe2O3,95.0,1.8859405008500003,1.8859405008500003,2.089201220283333,2.089201220283333,1.8859405008500003
La,3.0,Nb2O5,93.4,1.7575554015000006,1.7575554015000006,2.0525932769233908,2.0525932769233908,1.7575554015000006
Ru,1.0,ZnAlO,97.5,1.7484015632500007,1.7484015632500007,2.042078695940057,2.042078695940057,1.7484015632500007
La,3.0,ZnO-ZrO2,99.5333333333333,1.8775206000500009,1.8775206000500009,2.038529178283333,2.038529178283333,1.8775206000500009
Re,3.333333333333333,ZnAlO,97.5,1.7357134998166657,1.7357134998166657,2.0283677623067224,2.0283677623067224,1.7357134998166657
Ru,1.0,MoS2,93.73333333333332,1.700386116666668,1.700386116666668,2.0228860604900576,2.0228860604900576,1.700386116666668
Re,3.333333333333333,MoS2,93.73333333333332,1.6852818383333326,1.6852818383333326,2.01181232932339,2.01181232932339,1.6852818383333326
Rh,1.0,ZnAlO,97.5,1.6890460615500005,1.6890460615500005,1.9994800291400572,1.9994800291400572,1.6890460615500005
Y,2.227272727272727,ZnAlO,97.5,1.711701829549999,1.711701829549999,1.9887085724400568,1.9887085724400568,1.711701829549999
Y,2.227272727272727,MoS2,93.73333333333332,1.6755851870666665,1.6755851870666665,1.9841725809900568,1.9841725809900568,1.6755851870666665
Rh,1.0,MoS2,93.73333333333332,1.6370799079666676,1.6370799079666676,1.9798792981567244,1.9798792981567244,1.6370799079666676
La,3.0,SiO2,92.02162162162162,1.707794651683333,1.707794651683333,1.969389697906724,1.969389697906724,1.707794651683333
La,3.0,TiO2,91.93333333333334,1.707794651683333,1.707794651683333,1.9693896979067236,1.9693896979067236,1.707794651683333
La,3.0,ZnAl2O4,92.5,1.707794651683333,1.707794651683333,1.9693896979067236,1.9693896979067236,1.707794651683333
Ru,1.0,Nb2O5,93.4,1.6231395542666676,1.6231395542666676,1.9118466836900572,1.9118466836900572,1.6231395542666676
Ru,1.0,ZnO-Fe2O3,95.0,1.7039075432166677,1.7039075432166677,1.9071379680166676,1.9071379680166676,1.7039075432166677
Re,3.333333333333333,Nb2O5,93.4,1.6013831156333325,1.6013831156333325,1.8941207922233896,1.8941207922233896,1.6013831156333325
Re,3.333333333333333,ZnO-Fe2O3,95.0,1.6749802386833326,1.6749802386833323,1.8759407592833328,1.8759407592833328,1.6749802386833323
Y,2.227272727272727,Nb2O5,93.4,1.5983386246666662,1.598338624666666,1.8731332041900568,1.8731332041900568,1.598338624666666
Rh,1.0,Nb2O5,93.4,1.5531811852666673,1.5531811852666673,1.8621877610567248,1.8621877610567248,1.5531811852666673
Rh,1.0,ZnO-Fe2O3,95.0,1.6374584962166674,1.6374584962166674,1.8574457559166675,1.8574457559166675,1.6374584962166674
Re,3.333333333333333,ZnO-ZrO2,99.5333333333333,1.676794187183333,1.676794187183333,1.8320671724833328,1.8320671724833328,1.676794187183333
Y,2.227272727272727,ZnO-Fe2O3,95.0,1.644898389516666,1.644898389516666,1.8314584245166667,1.8314584245166667,1.644898389516666
Au,1.2272727272727273,ZnAlO,97.5,1.5184498332999998,1.5184498332999998,1.8176918821233905,1.8176918821233905,1.5184498332999998
Y,2.227272727272727,ZnO-ZrO2,99.5333333333333,1.6648729977499996,1.6648729977499996,1.79388976235,1.79388976235,1.6648729977499996
Ru,1.0,TiO2,91.93333333333334,1.4949499187500006,1.494949918750001,1.7800086983400578,1.7800086983400578,1.4949499187500006
Ru,1.0,ZnAl2O4,92.5,1.4949499187500006,1.4949499187500006,1.7800086983400576,1.7800086983400576,1.4949499187500006
Ru,1.0,SiO2,92.02162162162162,1.494949918750001,1.494949918750001,1.7800086983400576,1.7800086983400576,1.494949918750001
Re,3.333333333333333,ZnAl2O4,92.5,1.4902932380166658,1.4902932380166658,1.7699880854067231,1.7699880854067231,1.4902932380166658
Re,3.333333333333333,SiO2,92.02162162162162,1.4902932380166658,1.4902932380166658,1.769988085406723,1.769988085406723,1.4902932380166658
Re,3.333333333333333,TiO2,91.93333333333334,1.4902932380166658,1.4902932380166658,1.769988085406723,1.769988085406723,1.4902932380166658
Ru,1.0,ZnO-ZrO2,99.5333333333333,1.6013866414500006,1.6013866414500006,1.747073795850001,1.747073795850001,1.6013866414500006
Y,2.227272727272727,ZnAl2O4,92.5,1.4757785070499994,1.4757785070499994,1.744166896840057,1.744166896840057,1.4757785070499994
Y,2.227272727272727,TiO2,91.93333333333334,1.4757785070499994,1.4757785070499994,1.744166896840057,1.744166896840057,1.4757785070499994
Y,2.227272727272727,SiO2,92.02162162162162,1.4757785070499994,1.4757785070499994,1.744166896840057,1.744166896840057,1.4757785070499994
Rh,1.0,ZnAl2O4,92.5,1.4249915497500008,1.4249915497500008,1.726807164240058,1.726807164240058,1.4249915497500008
Rh,1.0,TiO2,91.93333333333334,1.4249915497500008,1.4249915497500008,1.726807164240058,1.726807164240058,1.4249915497500008
Rh,1.0,SiO2,92.02162162162162,1.4249915497500008,1.4249915497500008,1.726807164240058,1.726807164240058,1.4249915497500008
Rh,1.0,ZnO-ZrO2,99.5333333333333,1.5367558052166674,1.5367558052166674,1.7098084956166677,1.7098084956166677,1.5367558052166674
Au,1.2272727272727273,MoS2,93.73333333333332,1.2811192998,1.2811192998,1.6202618502233903,1.6202618502233903,1.2811192998
Au,1.2272727272727273,ZnO-Fe2O3,95.0,1.4047183437666668,1.4047183437666666,1.6169725747,1.6169725747,1.4047183437666666
Au,1.2272727272727273,TiO2,91.93333333333334,1.2723684398000004,1.2723684398000004,1.54605102552339,1.54605102552339,1.2723684398000004
Au,1.2272727272727273,SiO2,92.02162162162162,1.2723684398000004,1.2723684398000004,1.54605102552339,1.54605102552339,1.2723684398000004
Au,1.2272727272727273,ZnAl2O4,92.5,1.2723684398000004,1.2723684398000004,1.54605102552339,1.54605102552339,1.2723684398000004
Au,1.2272727272727273,ZnO-ZrO2,99.5333333333333,1.377097376766667,1.377097376766667,1.5295502005000003,1.5295502005000003,1.377097376766667
Au,1.2272727272727273,Nb2O5,93.4,1.2135778461,1.2135778461,1.5148513931233902,1.5148513931233902,1.2135778461
